profile_url	username	consumer	retailer	others
https://www.instagram.com/nixhus/	nixhus	1	0	0
https://www.instagram.com/steph_davies/	steph_davies	1	0	0
https://www.instagram.com/gloriavp/	gloriavp	1	0	0
https://www.instagram.com/theajacinto/	theajacinto	1	0	0
https://www.instagram.com/artbydevwoo/	artbydevwoo	1	0	0
https://www.instagram.com/ndeosrnenney/	ndeosrnenney	1	0	0
https://www.instagram.com/kenzaeyz/	kenzaeyz	0	0	1
https://www.instagram.com/dies_martis/	dies_martis	1	0	0
https://www.instagram.com/itssara_sh/	itssara_sh	1	0	0
https://www.instagram.com/kaitjordmitch/	kaitjordmitch	1	0	0
https://www.instagram.com/contextowen/	contextowen	1	0	0
https://www.instagram.com/yardenadiv/	yardenadiv	1	0	0
https://www.instagram.com/brian_and_the_veg/	brian_and_the_veg	1	0	0
https://www.instagram.com/osuhaurray/	osuhaurray	1	0	0
https://www.instagram.com/gus1247tavo/	gus1247tavo	1	0	0
https://www.instagram.com/aleorland/	aleorland	0	0	1
https://www.instagram.com/mmettiuller/	mmettiuller	1	0	0
https://www.instagram.com/theiconic/	theiconic	1	0	0
https://www.instagram.com/marinafucic/	marinafucic	1	0	0
https://www.instagram.com/vaobertsd/	vaobertsd	1	0	0
https://www.instagram.com/thekat4/	thekat4	1	0	0
https://www.instagram.com/laura2pomme/	laura2pomme	1	0	0
https://www.instagram.com/edg_and_art/	edg_and_art	1	0	0
https://www.instagram.com/mmaeunluonz/	mmaeunluonz	1	0	0
https://www.instagram.com/jenniferkstack/	jenniferkstack	1	0	0
https://www.instagram.com/michelledauber/	michelledauber	1	0	0
https://www.instagram.com/robadhamshi/	robadhamshi	1	0	0
https://www.instagram.com/sivan_amelard/	sivan_amelard	1	0	0
https://www.instagram.com/natasharooney7/	natasharooney7	1	0	0
https://www.instagram.com/nastia_luv/	nastia_luv	1	0	0
https://www.instagram.com/loyaltyandheart/	loyaltyandheart	0	0	0
https://www.instagram.com/sharonroitman/	sharonroitman	1	0	0
https://www.instagram.com/zmengmengmengmeng/	zmengmengmengmeng	1	0	0
https://www.instagram.com/etharshfield/	etharshfield	1	0	0
https://www.instagram.com/linorcohena/	linorcohena	1	0	0
https://www.instagram.com/federicasu/	federicasu	1	0	0
https://www.instagram.com/tcols85/	tcols85	1	0	0
https://www.instagram.com/twinchristina/	twinchristina	1	0	0
https://www.instagram.com/froufroubonbon/	froufroubonbon	1	0	0
https://www.instagram.com/tamarlandau_tml/	tamarlandau_tml	0	1	0
https://www.instagram.com/lhallali/	lhallali	1	0	0
https://www.instagram.com/stripeandstare/	stripeandstare	0	1	0
https://www.instagram.com/ygng_interior_design/	ygng_interior_design	1	0	0
https://www.instagram.com/andreagirola/	andreagirola	1	0	0
https://www.instagram.com/lovestory_official/	lovestory_official	0	1	0
https://www.instagram.com/karendriscoll/	karendriscoll	1	0	0
https://www.instagram.com/theartians/	theartians	0	0	0
https://www.instagram.com/michelle0107h/	michelle0107h	1	0	0
https://www.instagram.com/alsuwailems/	alsuwailems	1	0	0
https://www.instagram.com/littlewhite_bridalswimwear/	littlewhite_bridalswimwear	0	0	0
https://www.instagram.com/croweaters/	croweaters	1	0	0
https://www.instagram.com/elizabetta_r/	elizabetta_r	1	0	0
https://www.instagram.com/carmitgur/	carmitgur	1	0	0
https://www.instagram.com/jlbmom4/	jlbmom4	1	0	0
https://www.instagram.com/christ.sosan/	christ.sosan	1	0	0
https://www.instagram.com/___brookeb___/	___brookeb___	1	0	0
https://www.instagram.com/laurenmccreery/	laurenmccreery	1	0	0
https://www.instagram.com/andallowodin/	andallowodin	1	0	0
https://www.instagram.com/musedellove/	musedellove	1	0	0
https://www.instagram.com/p_mhb/	p_mhb	1	0	0
https://www.instagram.com/thegreedysprout/	thegreedysprout	0	0	1
https://www.instagram.com/lunasea6632/	lunasea6632	1	0	0
https://www.instagram.com/ofe_b88/	ofe_b88	1	0	0
https://www.instagram.com/bbeyodgres/	bbeyodgres	1	0	0
https://www.instagram.com/miroucheka/	miroucheka	1	0	0
https://www.instagram.com/meireehrensperger/	meireehrensperger	1	0	0
https://www.instagram.com/adenylnatchelor/	adenylnatchelor	1	0	0
https://www.instagram.com/mschreder37/	mschreder37	1	0	0
https://www.instagram.com/despoina_b/	despoina_b	1	0	0
https://www.instagram.com/houseofvoga/	houseofvoga	0	0	0
https://www.instagram.com/puddinggems/	puddinggems	1	0	0
https://www.instagram.com/thelouloves/	thelouloves	0	0	1
https://www.instagram.com/xo.edi7238/	xo.edi7238	1	0	0
https://www.instagram.com/la_luna14/	la_luna14	1	0	0
https://www.instagram.com/jeskfir/	jeskfir	1	0	0
https://www.instagram.com/suzy258/	suzy258	1	0	0
https://www.instagram.com/atrinaeathx/	atrinaeathx	1	0	0
https://www.instagram.com/athenswas/	athenswas	0	0	0
https://www.instagram.com/amiewoakes/	amiewoakes	1	0	0
https://www.instagram.com/eaquiroga/	eaquiroga	1	0	0
https://www.instagram.com/bukie_makeup/	bukie_makeup	1	0	0
https://www.instagram.com/bepivalerio/	bepivalerio	1	0	0
https://www.instagram.com/giusi_zarra/	giusi_zarra	1	0	0
https://www.instagram.com/rachelingram14/	rachelingram14	1	0	0
https://www.instagram.com/oremasylson/	oremasylson	1	0	0
https://www.instagram.com/thewearnecessities/	thewearnecessities	0	0	1
https://www.instagram.com/ronyizhar/	ronyizhar	1	0	0
https://www.instagram.com/get_itwhileucan/	get_itwhileucan	1	0	0
https://www.instagram.com/batelbider2420/	batelbider2420	1	0	0
https://www.instagram.com/artworld_problems/	artworld_problems	1	0	0
https://www.instagram.com/ritacolomba/	ritacolomba	1	0	0
https://www.instagram.com/notoriousmag/	notoriousmag	0	0	1
https://www.instagram.com/irenedemetriou/	irenedemetriou	1	0	0
https://www.instagram.com/amysolarz/	amysolarz	0	0	0
https://www.instagram.com/don_irene/	don_irene	1	0	0
https://www.instagram.com/mjazzaf/	mjazzaf	1	0	0
https://www.instagram.com/nicolettadandrea/	nicolettadandrea	1	0	0
https://www.instagram.com/incereodegs/	incereodegs	1	0	0
https://www.instagram.com/annie_lnd/	annie_lnd	1	0	0
https://www.instagram.com/jamiliaolmedo/	jamiliaolmedo	1	0	0
https://www.instagram.com/mimi_lanerv/	mimi_lanerv	1	0	0
https://www.instagram.com/reilcougalld/	reilcougalld	1	0	0
https://www.instagram.com/fromthesehands/	fromthesehands	0	1	0
https://www.instagram.com/yriciekcy/	yriciekcy	1	0	0
https://www.instagram.com/brooklynlove/	brooklynlove	1	0	0
https://www.instagram.com/fot11/	fot11	1	0	0
https://www.instagram.com/fliflo_m/	fliflo_m	1	0	0
https://www.instagram.com/la_marmot/	la_marmot	1	0	0
https://www.instagram.com/volver.stbarth/	volver.stbarth	0	0	1
https://www.instagram.com/libbystroyd/	libbystroyd	1	0	0
https://www.instagram.com/ciavtoay/	ciavtoay	1	0	0
https://www.instagram.com/breerenee/	breerenee	1	0	0
https://www.instagram.com/vermillion_k/	vermillion_k	0	0	1
https://www.instagram.com/gukchu/	gukchu	1	0	0
https://www.instagram.com/yewonj1013/	yewonj1013	1	0	0
https://www.instagram.com/mairi_konstantinidi/	mairi_konstantinidi	1	0	0
https://www.instagram.com/mamalicious2013/	mamalicious2013	1	0	0
https://www.instagram.com/plusout_morestyleforlife/	plusout_morestyleforlife	0	0	1
https://www.instagram.com/manishaslva/	manishaslva	1	0	0
https://www.instagram.com/domishly/	domishly	1	0	0
https://www.instagram.com/popiki/	popiki	1	0	0
https://www.instagram.com/ljh875627/	ljh875627	1	0	0
https://www.instagram.com/merkbadboy/	merkbadboy	1	0	0
https://www.instagram.com/danny__ti/	danny__ti	1	0	0
https://www.instagram.com/inkiebissell/	inkiebissell	1	0	0
https://www.instagram.com/twowearit/	twowearit	0	0	1
https://www.instagram.com/dtziapoura/	dtziapoura	1	0	0
https://www.instagram.com/jaynaramello/	jaynaramello	1	0	0
https://www.instagram.com/agleiyhentworth/	agleiyhentworth	1	0	0
https://www.instagram.com/aidengsilh/	aidengsilh	1	0	0
https://www.instagram.com/cmastoras/	cmastoras	1	0	0
https://www.instagram.com/cristopher_ale/	cristopher_ale	1	0	0
https://www.instagram.com/roddenkara/	roddenkara	1	0	0
https://www.instagram.com/ainelavans/	ainelavans	1	0	0
https://www.instagram.com/partiijhon/	partiijhon	1	0	0
https://www.instagram.com/paulariccobono/	paulariccobono	1	0	0
https://www.instagram.com/anlkey/	anlkey	1	0	0
https://www.instagram.com/esmebenjamin/	esmebenjamin	0	0	1
https://www.instagram.com/partypuff23/	partypuff23	1	0	0
https://www.instagram.com/charo_g_h/	charo_g_h	1	0	0
https://www.instagram.com/recipelyse/	recipelyse	1	0	0
https://www.instagram.com/orynruz/	orynruz	1	0	0
https://www.instagram.com/irminakim/	irminakim	1	0	0
https://www.instagram.com/eva.p.c/	eva.p.c	1	0	0
https://www.instagram.com/gozlan_abu_eltayeef/	gozlan_abu_eltayeef	1	0	0
https://www.instagram.com/alejandraanglada/	alejandraanglada	1	0	0
https://www.instagram.com/rstialage/	rstialage	0	0	0
https://www.instagram.com/dela_3556/	dela_3556	0	0	0
https://www.instagram.com/lk_lilitkhachatryan/	lk_lilitkhachatryan	0	0	1
https://www.instagram.com/annyoorrw/	annyoorrw	0	0	0
https://www.instagram.com/dianaplatona/	dianaplatona	0	0	1
https://www.instagram.com/olanorrisu/	olanorrisu	1	0	0
https://www.instagram.com/fufu_143/	fufu_143	1	0	0
https://www.instagram.com/mikiiip/	mikiiip	1	0	0
https://www.instagram.com/creative_ideas_designs/	creative_ideas_designs	1	0	0
https://www.instagram.com/z.bern/	z.bern	1	0	0
https://www.instagram.com/xizzzcake/	xizzzcake	1	0	0
https://www.instagram.com/annius7/	annius7	1	0	0
https://www.instagram.com/opougamoskaivaptisi/	opougamoskaivaptisi	1	0	0
https://www.instagram.com/obbyooghtun/	obbyooghtun	1	0	0
https://www.instagram.com/alotnrtega/	alotnrtega	1	0	0
https://www.instagram.com/drikhalifeh/	drikhalifeh	1	0	0
https://www.instagram.com/ouypaleerath/	ouypaleerath	1	0	0
https://www.instagram.com/gowdeyangilvwq/	gowdeyangilvwq	1	0	0
https://www.instagram.com/slaouahneu/	slaouahneu	1	0	0
https://www.instagram.com/elverddesigns/	elverddesigns	0	0	1
https://www.instagram.com/mmmsarap/	mmmsarap	1	0	0
https://www.instagram.com/nancykladixifita/	nancykladixifita	1	0	0
https://www.instagram.com/salmamerchantr/	salmamerchantr	1	0	0
https://www.instagram.com/kate_hallett/	kate_hallett	1	0	0
https://www.instagram.com/miniblondie/	miniblondie	1	0	0
https://www.instagram.com/sandyluxury/	sandyluxury	1	0	0
https://www.instagram.com/shniz1988/	shniz1988	1	0	0
https://www.instagram.com/rockychristina/	rockychristina	1	0	0
https://www.instagram.com/maferdzv12/	maferdzv12	1	0	0
https://www.instagram.com/tammymichelledean4261/	tammymichelledean4261	1	0	0
https://www.instagram.com/aggelikigiazitzi/	aggelikigiazitzi	1	0	0
https://www.instagram.com/ridgereviner/	ridgereviner	1	0	0
https://www.instagram.com/carlaroccha/	carlaroccha	1	0	0
https://www.instagram.com/aliceattonita1/	aliceattonita1	1	0	0
https://www.instagram.com/noy_elharar/	noy_elharar	1	0	0
https://www.instagram.com/sabinschepaulinsche/	sabinschepaulinsche	1	0	0
https://www.instagram.com/zalaaa7/	zalaaa7	1	0	0
https://www.instagram.com/alyshiahaddon/	alyshiahaddon	1	0	0
https://www.instagram.com/suzzz907/	suzzz907	1	0	0
https://www.instagram.com/myriam_brigui/	myriam_brigui	1	0	0
https://www.instagram.com/onnylyodr/	onnylyodr	1	0	0
https://www.instagram.com/marisolbattaglino/	marisolbattaglino	1	0	0
https://www.instagram.com/rielgavidson/	rielgavidson	1	0	0
https://www.instagram.com/consciouschatter/	consciouschatter	0	0	1
https://www.instagram.com/adenanohey7/	adenanohey7	1	0	0
https://www.instagram.com/nurlu1982/	nurlu1982	1	0	0
https://www.instagram.com/rbandrea/	rbandrea	1	0	0
https://www.instagram.com/aetrex_israel_ltd/	aetrex_israel_ltd	0	0	1
https://www.instagram.com/meloditalvi/	meloditalvi	1	0	0
https://www.instagram.com/tal_mana/	tal_mana	1	0	0
https://www.instagram.com/elisaparchis/	elisaparchis	1	0	0
https://www.instagram.com/irwb/	irwb	1	0	0
https://www.instagram.com/alex.balakina/	alex.balakina	1	0	0
https://www.instagram.com/theedamkeenan/	theedamkeenan	1	0	0
https://www.instagram.com/abelle1010/	abelle1010	1	0	0
https://www.instagram.com/uasnahnc/	uasnahnc	1	0	0
https://www.instagram.com/umbertobullock/	umbertobullock	1	0	0
https://www.instagram.com/namaste_rd/	namaste_rd	1	0	0
https://www.instagram.com/_luluyesyes_/	_luluyesyes_	0	0	1
https://www.instagram.com/vickybayter1/	vickybayter1	1	0	0
https://www.instagram.com/post43/	post43	1	0	0
https://www.instagram.com/daliatiber1/	daliatiber1	1	0	0
https://www.instagram.com/healthandbeauty323/	healthandbeauty323	0	0	1
https://www.instagram.com/remus306/	remus306	1	0	0
https://www.instagram.com/apparentarrett/	apparentarrett	1	0	0
https://www.instagram.com/shelly_simantov/	shelly_simantov	1	0	0
https://www.instagram.com/amitshaham91/	amitshaham91	1	0	0
https://www.instagram.com/megob516/	megob516	1	0	0
https://www.instagram.com/lodgewaycountrywear/	lodgewaycountrywear	0	1	0
https://www.instagram.com/catarinaarcher_/	catarinaarcher_	1	0	0
https://www.instagram.com/kira_butcher/	kira_butcher	1	0	0
https://www.instagram.com/winnerobla/	winnerobla	1	0	0
https://www.instagram.com/myriambelleprincesse/	myriambelleprincesse	1	0	0
https://www.instagram.com/cloandthingsofficial/	cloandthingsofficial	1	0	0
https://www.instagram.com/carlosmenco87/	carlosmenco87	1	0	0
https://www.instagram.com/guerreirohelen/	guerreirohelen	1	0	0
https://www.instagram.com/hiroko_tsurumi/	hiroko_tsurumi	1	0	0
https://www.instagram.com/artpanou/	artpanou	1	0	0
https://www.instagram.com/ft__00/	ft__00	1	0	0
https://www.instagram.com/hayleymillerx/	hayleymillerx	1	0	0
https://www.instagram.com/amanda_rudken/	amanda_rudken	1	0	0
https://www.instagram.com/marisabelger/	marisabelger	1	0	0
https://www.instagram.com/jenna_nicole01/	jenna_nicole01	1	0	0
https://www.instagram.com/lydia.vousvou/	lydia.vousvou	1	0	0
https://www.instagram.com/uincyrquhartf/	uincyrquhartf	1	0	0
https://www.instagram.com/katepap2/	katepap2	1	0	0
https://www.instagram.com/samarjaafaridesigns/	samarjaafaridesigns	1	0	0
https://www.instagram.com/isabellaafp/	isabellaafp	1	0	0
https://www.instagram.com/ekaterinipietri/	ekaterinipietri	0	1	0
https://www.instagram.com/lessandroaerrll/	lessandroaerrll	1	0	0
https://www.instagram.com/my_bikini_musthaves/	my_bikini_musthaves	1	0	0
https://www.instagram.com/aulnhite/	aulnhite	1	0	0
https://www.instagram.com/levi_sagit/	levi_sagit	1	0	0
https://www.instagram.com/di_mi_tra._/	di_mi_tra._	1	0	0
https://www.instagram.com/sunsulimanov/	sunsulimanov	1	0	0
https://www.instagram.com/lulagogopro/	lulagogopro	1	0	0
https://www.instagram.com/lannahowmanx/	lannahowmanx	1	0	0
https://www.instagram.com/assiraooper/	assiraooper	1	0	0
https://www.instagram.com/aidenustinu/	aidenustinu	1	0	0
https://www.instagram.com/eyesoulate/	eyesoulate	1	0	0
https://www.instagram.com/misosaid/	misosaid	1	0	0
https://www.instagram.com/earthloveschaos/	earthloveschaos	1	0	0
https://www.instagram.com/nadinetteab/	nadinetteab	1	0	0
https://www.instagram.com/nbprboss/	nbprboss	1	0	0
https://www.instagram.com/facingpagesbooks/	facingpagesbooks	0	0	1
https://www.instagram.com/psycho.candycobain/	psycho.candycobain	1	0	0
https://www.instagram.com/saini_ravinder/	saini_ravinder	1	0	0
https://www.instagram.com/hilaluliazulay/	hilaluliazulay	1	0	0
https://www.instagram.com/elmercaditoec/	elmercaditoec	0	0	1
https://www.instagram.com/esra_b/	esra_b	1	0	0
https://www.instagram.com/aviersrwohth/	aviersrwohth	1	0	0
https://www.instagram.com/clueranson/	clueranson	1	0	0
https://www.instagram.com/eatwelltravel/	eatwelltravel	1	0	0
https://www.instagram.com/cici20031114/	cici20031114	1	0	0
https://www.instagram.com/rivkareznik/	rivkareznik	1	0	0
https://www.instagram.com/luluxiao_taipei/	luluxiao_taipei	1	0	0
https://www.instagram.com/alexcharitatou/	alexcharitatou	1	0	0
https://www.instagram.com/eckettgpotn/	eckettgpotn	1	0	0
https://www.instagram.com/mornahari/	mornahari	1	0	0
https://www.instagram.com/zeynepbeyli/	zeynepbeyli	1	0	0
https://www.instagram.com/olives_olivia/	olives_olivia	1	0	0
https://www.instagram.com/barbiebeauch/	barbiebeauch	1	0	0
https://www.instagram.com/olia3082/	olia3082	1	0	0
https://www.instagram.com/assignmentcherson/	assignmentcherson	1	0	0
https://www.instagram.com/modelsplusltd/	modelsplusltd	0	0	1
https://www.instagram.com/anasofiavd/	anasofiavd	1	0	0
https://www.instagram.com/love_life_kp/	love_life_kp	1	0	0
https://www.instagram.com/ginggababyekids/	ginggababyekids	0	1	0
https://www.instagram.com/iraaludley/	iraaludley	1	0	0
https://www.instagram.com/mariamolinalara/	mariamolinalara	1	0	0
https://www.instagram.com/red_811/	red_811	1	0	0
https://www.instagram.com/hanamenkes/	hanamenkes	1	0	0
https://www.instagram.com/rishdarrett/	rishdarrett	1	0	0
https://www.instagram.com/bogerukira/	bogerukira	1	0	0
https://www.instagram.com/mooeyewear/	mooeyewear	0	0	1
https://www.instagram.com/hania58/	hania58	1	0	0
https://www.instagram.com/asenatugcu/	asenatugcu	1	0	0
https://www.instagram.com/_g_romanova/	_g_romanova	1	0	0
https://www.instagram.com/helloworldimana/	helloworldimana	1	0	0
https://www.instagram.com/carolinaeve/	carolinaeve	1	0	0
https://www.instagram.com/saraahdarmon/	saraahdarmon	1	0	0
https://www.instagram.com/keeekeeelicious/	keeekeeelicious	1	0	0
https://www.instagram.com/iikhlowe/	iikhlowe	1	0	0
https://www.instagram.com/travelandtruffles/	travelandtruffles	1	0	0
https://www.instagram.com/rucucu7/	rucucu7	1	0	0
https://www.instagram.com/aleyempseyk/	aleyempseyk	1	0	0
https://www.instagram.com/monahinduja/	monahinduja	1	0	0
https://www.instagram.com/l_imor3/	l_imor3	1	0	0
https://www.instagram.com/janesbeckett/	janesbeckett	1	0	0
https://www.instagram.com/eli.melero/	eli.melero	1	0	0
https://www.instagram.com/joannecharlwood/	joannecharlwood	1	0	0
https://www.instagram.com/calibuddy/	calibuddy	1	0	0
https://www.instagram.com/breathimora/	breathimora	1	0	0
https://www.instagram.com/sameh.nor/	sameh.nor	1	0	0
https://www.instagram.com/lorenaartfash/	lorenaartfash	1	0	0
https://www.instagram.com/ana_malababa/	ana_malababa	1	0	0
https://www.instagram.com/tina_kron/	tina_kron	1	0	0
https://www.instagram.com/ojouini/	ojouini	1	0	0
https://www.instagram.com/nlyctl/	nlyctl	1	0	0
https://www.instagram.com/c_fo_mtl/	c_fo_mtl	1	0	0
https://www.instagram.com/brilmarsons/	brilmarsons	1	0	0
https://www.instagram.com/maivone/	maivone	1	0	0
https://www.instagram.com/shiranmallka/	shiranmallka	1	0	0
https://www.instagram.com/ginger_concept/	ginger_concept	0	1	0
https://www.instagram.com/galronamar/	galronamar	1	0	0
https://www.instagram.com/irinavodianova/	irinavodianova	1	0	0
https://www.instagram.com/adva35/	adva35	1	0	0
https://www.instagram.com/juliettaconcept/	juliettaconcept	0	1	0
https://www.instagram.com/monafulmer1/	monafulmer1	1	0	0
https://www.instagram.com/rysatlonzalez/	rysatlonzalez	1	0	0
https://www.instagram.com/kelly_n_1991/	kelly_n_1991	1	0	0
https://www.instagram.com/anithoula/	anithoula	1	0	0
https://www.instagram.com/nawara_76/	nawara_76	1	0	0
https://www.instagram.com/fabulousmusesnow/	fabulousmusesnow	0	0	1
https://www.instagram.com/safswimshow/	safswimshow	0	1	0
https://www.instagram.com/lillianmano/	lillianmano	1	0	0
https://www.instagram.com/steph_ssmith/	steph_ssmith	1	0	0
https://www.instagram.com/federichella69/	federichella69	1	0	0
https://www.instagram.com/lorrddwade/	lorrddwade	1	0	0
https://www.instagram.com/alexandrakoumentakou/	alexandrakoumentakou	1	0	0
https://www.instagram.com/shiftelina/	shiftelina	1	0	0
https://www.instagram.com/oritmano7901/	oritmano7901	1	0	0
https://www.instagram.com/viki_vika/	viki_vika	1	0	0
https://www.instagram.com/le_twiins/	le_twiins	1	0	0
https://www.instagram.com/beautybylisa_point_cook/	beautybylisa_point_cook	1	0	0
https://www.instagram.com/cami_islandgal/	cami_islandgal	1	0	0
https://www.instagram.com/patriciaapergi/	patriciaapergi	1	0	0
https://www.instagram.com/deniseliesegang/	deniseliesegang	1	0	0
https://www.instagram.com/lilach_miara_vaitzmn/	lilach_miara_vaitzmn	1	0	0
https://www.instagram.com/nuscin/	nuscin	1	0	0
https://www.instagram.com/apparently_someone/	apparently_someone	1	0	0
https://www.instagram.com/imnoegenny/	imnoegenny	1	0	0
https://www.instagram.com/vikizhou/	vikizhou	1	0	0
https://www.instagram.com/slaxyman/	slaxyman	1	0	0
https://www.instagram.com/knownnowhere/	knownnowhere	1	0	0
https://www.instagram.com/maisiedunton/	maisiedunton	1	0	0
https://www.instagram.com/anastasiacarnicero/	anastasiacarnicero	1	0	0
https://www.instagram.com/tracy_ca/	tracy_ca	1	0	0
https://www.instagram.com/elinwintermeyer/	elinwintermeyer	1	0	0
https://www.instagram.com/fleurwalder/	fleurwalder	1	0	0
https://www.instagram.com/k_lalelei/	k_lalelei	1	0	0
https://www.instagram.com/tiffany.kuw/	tiffany.kuw	1	0	0
https://www.instagram.com/mxarles/	mxarles	1	0	0
https://www.instagram.com/kaylahudek/	kaylahudek	1	0	0
https://www.instagram.com/beno_lee/	beno_lee	1	0	0
https://www.instagram.com/aryaii_korosh2015/	aryaii_korosh2015	1	0	0
https://www.instagram.com/galmoran/	galmoran	1	0	0
https://www.instagram.com/mymeia/	mymeia	1	0	0
https://www.instagram.com/catermau/	catermau	1	0	0
https://www.instagram.com/akhzly/	akhzly	1	0	0
https://www.instagram.com/rubymooney/	rubymooney	1	0	0
https://www.instagram.com/oisesaorsyth/	oisesaorsyth	1	0	0
https://www.instagram.com/thaleia.k/	thaleia.k	1	0	0
https://www.instagram.com/yosoyjosepheliseo/	yosoyjosepheliseo	1	0	0
https://www.instagram.com/jas_ws/	jas_ws	1	0	0
https://www.instagram.com/leaolala/	leaolala	1	0	0
https://www.instagram.com/ifat3996/	ifat3996	1	0	0
https://www.instagram.com/yasiaoungu/	yasiaoungu	1	0	0
https://www.instagram.com/doron_lebel/	doron_lebel	1	0	0
https://www.instagram.com/sandra_olanescu/	sandra_olanescu	1	0	0
https://www.instagram.com/dirdaieri/	dirdaieri	1	0	0
https://www.instagram.com/joshua_bickert_/	joshua_bickert_	1	0	0
https://www.instagram.com/_theresearcher_/	_theresearcher_	1	0	0
https://www.instagram.com/ryanughest/	ryanughest	1	0	0
https://www.instagram.com/revivohani/	revivohani	1	0	0
https://www.instagram.com/tamarabykerk/	tamarabykerk	1	0	0
https://www.instagram.com/arkerilned/	arkerilned	1	0	0
https://www.instagram.com/inst_ada/	inst_ada	1	0	0
https://www.instagram.com/sauceuna/	sauceuna	1	0	0
https://www.instagram.com/lindapileggi/	lindapileggi	1	0	0
https://www.instagram.com/gerardphoto00/	gerardphoto00	1	0	0
https://www.instagram.com/ayeletzikri/	ayeletzikri	1	0	0
https://www.instagram.com/jeanillepeabody/	jeanillepeabody	1	0	0
https://www.instagram.com/nikitenkoa/	nikitenkoa	1	0	0
https://www.instagram.com/by_zobo/	by_zobo	1	0	0
https://www.instagram.com/kokhe/	kokhe	1	0	0
https://www.instagram.com/jmakphoto/	jmakphoto	1	0	0
https://www.instagram.com/orlandinalanda/	orlandinalanda	1	0	0
https://www.instagram.com/birchroseco/	birchroseco	0	0	1
https://www.instagram.com/joedon44/	joedon44	1	0	0
https://www.instagram.com/annalisaconsolato/	annalisaconsolato	1	0	0
https://www.instagram.com/mansour.amirian/	mansour.amirian	1	0	0
https://www.instagram.com/deemurf_/	deemurf_	1	0	0
https://www.instagram.com/seguarisco/	seguarisco	1	0	0
https://www.instagram.com/jessicabeusan/	jessicabeusan	1	0	0
https://www.instagram.com/pastrittany/	pastrittany	1	0	0
https://www.instagram.com/tkats0073/	tkats0073	1	0	0
https://www.instagram.com/despina_sp/	despina_sp	1	0	0
https://www.instagram.com/carolebunny2013/	carolebunny2013	1	0	0
https://www.instagram.com/aethnardv/	aethnardv	1	0	0
https://www.instagram.com/rainnawnes/	rainnawnes	1	0	0
https://www.instagram.com/lakedonnell/	lakedonnell	1	0	0
https://www.instagram.com/lucaluongoshoes/	lucaluongoshoes	1	0	0
https://www.instagram.com/villysfashionpie/	villysfashionpie	1	0	0
https://www.instagram.com/adyineadows/	adyineadows	1	0	0
https://www.instagram.com/anastasia_huot/	anastasia_huot	1	0	0
https://www.instagram.com/lexandertaffordn/	lexandertaffordn	1	0	0
https://www.instagram.com/sarahudgensbyrk/	sarahudgensbyrk	1	0	0
https://www.instagram.com/natashatrianta/	natashatrianta	1	0	0
https://www.instagram.com/agendawhite/	agendawhite	0	0	1
https://www.instagram.com/romyunterhalter/	romyunterhalter	1	0	0
https://www.instagram.com/sophiacardenas/	sophiacardenas	1	0	0
https://www.instagram.com/eirhnh18/	eirhnh18	1	0	0
https://www.instagram.com/lenkalattupally/	lenkalattupally	1	0	0
https://www.instagram.com/tamntam/	tamntam	1	0	0
https://www.instagram.com/helenwilliams85/	helenwilliams85	1	0	0
https://www.instagram.com/tomajankauskaite/	tomajankauskaite	1	0	0
https://www.instagram.com/aremnnderson/	aremnnderson	1	0	0
https://www.instagram.com/shakedavr/	shakedavr	1	0	0
https://www.instagram.com/lyna_evelyna/	lyna_evelyna	1	0	0
https://www.instagram.com/natyanaya/	natyanaya	1	0	0
https://www.instagram.com/epicmade_studio/	epicmade_studio	0	0	1
https://www.instagram.com/honeyandjet/	honeyandjet	1	0	0
https://www.instagram.com/nintiendo/	nintiendo	1	0	0
https://www.instagram.com/mrsmandolin/	mrsmandolin	1	0	0
https://www.instagram.com/rjg71/	rjg71	1	0	0
https://www.instagram.com/theirenefiles/	theirenefiles	1	0	0
https://www.instagram.com/sam_bottega/	sam_bottega	1	0	0
https://www.instagram.com/justine_byrne/	justine_byrne	1	0	0
https://www.instagram.com/camiodice/	camiodice	1	0	0
https://www.instagram.com/hania_flannery/	hania_flannery	1	0	0
https://www.instagram.com/matchesfashion/	matchesfashion	0	1	0
https://www.instagram.com/ioanna_tsiv/	ioanna_tsiv	1	0	0
https://www.instagram.com/veronica__romao/	veronica__romao	1	0	0
https://www.instagram.com/royana_shukurova/	royana_shukurova	1	0	0
https://www.instagram.com/merrymully/	merrymully	1	0	0
https://www.instagram.com/25park/	25park	0	0	1
https://www.instagram.com/lulusmiz/	lulusmiz	1	0	0
https://www.instagram.com/lucyhosken/	lucyhosken	1	0	0
https://www.instagram.com/lauracardona1982/	lauracardona1982	1	0	0
https://www.instagram.com/tantawpolis/	tantawpolis	1	0	0
https://www.instagram.com/clairealittlecollection/	clairealittlecollection	1	0	0
https://www.instagram.com/paulinatriantafyllou/	paulinatriantafyllou	1	0	0
https://www.instagram.com/penrosehanson/	penrosehanson	1	0	0
https://www.instagram.com/rooftopbrooklyn/	rooftopbrooklyn	1	0	0
https://www.instagram.com/kwanpenturkey/	kwanpenturkey	0	0	1
https://www.instagram.com/amalkhourshid/	amalkhourshid	1	0	0
https://www.instagram.com/fromthefactory/	fromthefactory	1	0	0
https://www.instagram.com/antoniakarra/	antoniakarra	0	0	1
https://www.instagram.com/oliviahardy5/	oliviahardy5	1	0	0
https://www.instagram.com/leonora_paris/	leonora_paris	1	0	0
https://www.instagram.com/mccary_nyc/	mccary_nyc	1	0	0
https://www.instagram.com/whiskyalfa/	whiskyalfa	1	0	0
https://www.instagram.com/bffarrow/	bffarrow	1	0	0
https://www.instagram.com/goodgirlgonepink/	goodgirlgonepink	1	0	0
https://www.instagram.com/ral_dxb/	ral_dxb	1	0	0
https://www.instagram.com/parislikelike/	parislikelike	1	0	0
https://www.instagram.com/ani.pap/	ani.pap	1	0	0
https://www.instagram.com/soniaseth123/	soniaseth123	1	0	0
https://www.instagram.com/toyamatthews/	toyamatthews	1	0	0
https://www.instagram.com/tok_poshyachinda/	tok_poshyachinda	1	0	0
https://www.instagram.com/skevitp/	skevitp	1	0	0
https://www.instagram.com/cabanashow/	cabanashow	0	1	0
https://www.instagram.com/gayatriuppal/	gayatriuppal	1	0	0
https://www.instagram.com/tati_laguna/	tati_laguna	0	0	1
https://www.instagram.com/ohlalamisscherie1/	ohlalamisscherie1	1	0	0
https://www.instagram.com/valentinapulazza/	valentinapulazza	1	0	0
https://www.instagram.com/abdeherrera/	abdeherrera	1	0	0
https://www.instagram.com/mgluckypig/	mgluckypig	1	0	0
https://www.instagram.com/berenford.world/	berenford.world	0	0	1
https://www.instagram.com/charlottekuwait/	charlottekuwait	1	0	0
https://www.instagram.com/mitoswimwear/	mitoswimwear	0	0	1
https://www.instagram.com/fashionbank_online/	fashionbank_online	0	1	0
https://www.instagram.com/catwalkschoolgates/	catwalkschoolgates	1	0	0
https://www.instagram.com/soukchic/	soukchic	1	0	0
https://www.instagram.com/summersomewhere/	summersomewhere	0	1	0
https://www.instagram.com/su.rodriguez/	su.rodriguez	1	0	0
https://www.instagram.com/liv.edit/	liv.edit	1	0	0
https://www.instagram.com/bikinisandbibs/	bikinisandbibs	1	0	0
https://www.instagram.com/luana.luamadeira/	luana.luamadeira	1	0	0
https://www.instagram.com/chrisirhc2002/	chrisirhc2002	1	0	0
https://www.instagram.com/aranaz_dxb/	aranaz_dxb	0	1	0
https://www.instagram.com/lara.marakhovska/	lara.marakhovska	1	0	0
https://www.instagram.com/bilbuky/	bilbuky	1	0	0
https://www.instagram.com/thewearnecessities/	thewearnecessities	1	0	0
https://www.instagram.com/allaboutoax/	allaboutoax	1	0	0
https://www.instagram.com/the_a_trend/	the_a_trend	1	0	0
https://www.instagram.com/mrktapp/	mrktapp	0	1	0
https://www.instagram.com/worldofdominiquerose/	worldofdominiquerose	0	0	1
https://www.instagram.com/braiform.global/	braiform.global	0	0	1
https://www.instagram.com/swimswimcorse13/	swimswimcorse13	1	0	0
https://www.instagram.com/lamozheng/	lamozheng	1	0	0
https://www.instagram.com/bymdesign.se/	bymdesign.se	0	0	1
https://www.instagram.com/x930321x/	x930321x	1	0	0
www.instagram.com/arossgirl/	arossgirl	0	0	1
www.instagram.com/mojobeach/	mojobeach	0	0	1
www.instagram.com/highheelprncess/	highheelprncess	1	0	0
www.instagram.com/sundaytimesfood/	sundaytimesfood	0	0	1
www.instagram.com/janekasemsarn/	janekasemsarn	1	0	0
www.instagram.com/majanie_/	majanie_	1	0	0
www.instagram.com/dingdongitsclaudiaodoherty/	dingdongitsclaudiaodoherty	1	0	0
www.instagram.com/offwithyourclothes/	offwithyourclothes	1	0	0
www.instagram.com/dimasaidi/	dimasaidi	1	0	0
www.instagram.com/aureliagil/	aureliagil	0	0	1
www.instagram.com/sikuly.official/	sikuly.official	0	0	1
www.instagram.com/mattiecronan/	mattiecronan	1	0	0
www.instagram.com/sloanestreetsw1/	sloanestreetsw1	0	1	0
www.instagram.com/amaratidesign/	amaratidesign	0	0	1
www.instagram.com/zeyyjewelry/	zeyyjewelry	0	0	1
www.instagram.com/buscolook/	buscolook	0	0	1
www.instagram.com/v_baggio/	v_baggio	1	0	0
www.instagram.com/ritafarhinoirot/	ritafarhinoirot	1	0	0
www.instagram.com/alexandra__sage/	alexandra__sage	1	0	0
www.instagram.com/tutibarrera/	tutibarrera	1	0	0
www.instagram.com/alicemapy/	alicemapy	1	0	0
www.instagram.com/miho_ishii/	miho_ishii	0	0	1
www.instagram.com/hiladabush/	hiladabush	1	0	0
www.instagram.com/firmdale_hotels/	firmdale_hotels	0	0	1
www.instagram.com/hr_herapark/	hr_herapark	1	0	0
www.instagram.com/thedothk/	thedothk	0	1	0
www.instagram.com/screenshot.fashions/	screenshot.fashions	0	0	1
www.instagram.com/lezzetin_ustasi/	lezzetin_ustasi	0	0	1
www.instagram.com/eliannegpz/	eliannegpz	1	0	0
www.instagram.com/clarerichardson1/	clarerichardson1	1	0	0
www.instagram.com/nomahproject/	nomahproject	0	0	1
www.instagram.com/realniasanchez/	realniasanchez	1	0	0
www.instagram.com/vikkiyau/	vikkiyau	1	0	0
www.instagram.com/nadaelsadat/	nadaelsadat	1	0	0
www.instagram.com/ok.e.design/	ok.e.design	1	0	0
www.instagram.com/cuginiboutique/	cuginiboutique	0	0	1
www.instagram.com/lynnmorgandesign/	lynnmorgandesign	0	0	1
www.instagram.com/dvb1919/	dvb1919	1	0	0
www.instagram.com/keiramaguire/	keiramaguire	1	0	0
www.instagram.com/avinasjewelry/	avinasjewelry	0	0	1
www.instagram.com/debonnairevb/	debonnairevb	0	0	1
www.instagram.com/winonaaustralia/	winonaaustralia	0	0	1
www.instagram.com/_nazelmas_/	_nazelmas_	1	0	0
www.instagram.com/selec.to/	selec.to	0	0	1
www.instagram.com/kimymass/	kimymass	1	0	0
www.instagram.com/pistasdemiarmario/	pistasdemiarmario	1	0	0
www.instagram.com/nataliamunarriz/	nataliamunarriz	1	0	0
www.instagram.com/lolitamiacr/	lolitamiacr	0	0	1
www.instagram.com/coralswimwearph/	coralswimwearph	0	0	1
www.instagram.com/keegansingh/	keegansingh	1	0	0
www.instagram.com/danshang_higo/	danshang_higo	1	0	0
www.instagram.com/samudra11/	samudra11	0	0	1
www.instagram.com/pennydavidiborsuk/	pennydavidiborsuk	1	0	0
www.instagram.com/natalieconstantinidou/	natalieconstantinidou	1	0	0
www.instagram.com/happydays_only_for_free_kids/	happydays_only_for_free_kids	0	0	1
www.instagram.com/frauvonl/	frauvonl	0	0	1
www.instagram.com/miamistylemom/	miamistylemom	1	0	0
www.instagram.com/rose_melony/	rose_melony	0	0	1
www.instagram.com/vipsally/	vipsally	1	0	0
www.instagram.com/withlovefromparadise/	withlovefromparadise	0	0	1
www.instagram.com/skinnynsatisfied/	skinnynsatisfied	1	0	0
www.instagram.com/downtownchicmoms/	downtownchicmoms	1	0	0
www.instagram.com/param_patil/	param_patil	0	0	1
www.instagram.com/chanel.makeupartist/	chanel.makeupartist	1	0	0
www.instagram.com/celialeeroach/	celialeeroach	1	0	0
www.instagram.com/networkusa/	networkusa	0	0	1
www.instagram.com/diviathani/	diviathani	1	0	0
www.instagram.com/tsum_moscow/	tsum_moscow	0	1	0
www.instagram.com/theartsartorialist/	theartsartorialist	1	0	0
www.instagram.com/tzniutstyle24/	tzniutstyle24	0	0	1
www.instagram.com/babyzen_ukraine/	babyzen_ukraine	0	0	1
www.instagram.com/molecotporcelain/	molecotporcelain	0	0	1
www.instagram.com/brolgun/	brolgun	1	0	0
www.instagram.com/filipa_de_abreu/	filipa_de_abreu	1	0	0
www.instagram.com/merbezaury/	merbezaury	1	0	0
www.instagram.com/simplepleasuresprovidence/	simplepleasuresprovidence	0	0	1
www.instagram.com/northsouthgirl/	northsouthgirl	1	0	0
www.instagram.com/jessieschuster/	jessieschuster	1	0	0
www.instagram.com/jenniferbehr/	jenniferbehr	0	0	1
www.instagram.com/satyajewelry/	satyajewelry	0	0	1
www.instagram.com/mystylecatch/	mystylecatch	0	1	0
www.instagram.com/thetrippyhippiecollective/	thetrippyhippiecollective	0	0	1
www.instagram.com/zini_official/	zini_official	0	0	1
www.instagram.com/themumclub/	themumclub	0	0	1
www.instagram.com/roseroos/	roseroos	1	0	0
www.instagram.com/jenpearlshopparis/	jenpearlshopparis	0	1	0
www.instagram.com/maral.kalinian/	maral.kalinian	0	0	1
www.instagram.com/serenawhitehaven/	serenawhitehaven	0	0	1
www.instagram.com/ipeki/	ipeki	1	0	0
www.instagram.com/leblonbikinistore/	leblonbikinistore	0	0	1
www.instagram.com/julianapinheiromota/	julianapinheiromota	1	0	0
www.instagram.com/maruluzar/	maruluzar	1	0	0
www.instagram.com/saragalindoo/	saragalindoo	1	0	0
www.instagram.com/theenchantedhome/	theenchantedhome	0	0	1
www.instagram.com/whitemontreal/	whitemontreal	0	0	1
www.instagram.com/glamourizenow/	glamourizenow	1	0	0
www.instagram.com/mercedesmartin__/	mercedesmartin__	1	0	0
www.instagram.com/jennamclarke/	jennamclarke	1	0	0
www.instagram.com/maayanmoyal/	maayanmoyal	1	0	0
www.instagram.com/ratonsico/	ratonsico	1	0	0
www.instagram.com/mmmargherita/	mmmargherita	1	0	0
www.instagram.com/claretshowroom/	claretshowroom	0	1	0
www.instagram.com/septem_ediciones/	septem_ediciones	0	0	1
www.instagram.com/shopmcmullen/	shopmcmullen	0	1	0
www.instagram.com/noirgarments/	noirgarments	0	0	1
www.instagram.com/hart_studio/	hart_studio	0	0	1
www.instagram.com/gamze_saracoglu/	gamze_saracoglu	1	0	0
www.instagram.com/panacheous/	panacheous	0	1	0
www.instagram.com/anja_paris/	anja_paris	0	0	1
www.instagram.com/alibrustofski/	alibrustofski	1	0	0
www.instagram.com/mamaandtata/	mamaandtata	0	0	1
www.instagram.com/carolynunwin/	carolynunwin	0	0	1
www.instagram.com/loveassali/	loveassali	0	0	1
www.instagram.com/redcarterofficial/	redcarterofficial	0	0	1
www.instagram.com/roarkenyc/	roarkenyc	0	0	1
www.instagram.com/theartistgroup/	theartistgroup	0	0	1
www.instagram.com/cremedelacremealaedgar/	cremedelacremealaedgar	0	0	1
www.instagram.com/pipmoroney/	pipmoroney	1	0	0
www.instagram.com/jeunelait/	jeunelait	1	0	0
www.instagram.com/natkelley/	natkelley	0	0	1
www.instagram.com/sherrybabyx/	sherrybabyx	1	0	0
www.instagram.com/stylemistress1/	stylemistress1	1	0	0
www.instagram.com/babybloomkids/	babybloomkids	0	0	1
www.instagram.com/anniesloanspain/	anniesloanspain	0	0	1
www.instagram.com/camilahirane/	camilahirane	1	0	0
www.instagram.com/lalesso/	lalesso	0	0	1
www.instagram.com/bastetseker/	bastetseker	0	0	1
www.instagram.com/agnem__/	agnem__	1	0	0
www.instagram.com/sonyagorelova/	sonyagorelova	1	0	0
www.instagram.com/senzabela/	senzabela	0	0	1
www.instagram.com/katechan9/	katechan9	1	0	0
www.instagram.com/experiencezazaii/	experiencezazaii	0	0	1
www.instagram.com/abbeyclancyofficial/	abbeyclancyofficial	0	0	1
www.instagram.com/claire_fivestory/	claire_fivestory	1	0	0
www.instagram.com/lesjulestahiti/	lesjulestahiti	0	0	1
www.instagram.com/pingiaocubo/	pingiaocubo	0	0	1
www.instagram.com/wearekindred/	wearekindred	0	0	1
www.instagram.com/byjuliedawn/	byjuliedawn	1	0	0
www.instagram.com/folkfortune/	folkfortune	0	0	1
www.instagram.com/sarahlclark/	sarahlclark	1	0	0
www.instagram.com/_louislesouefandco_/	_louislesouefandco_	0	0	1
www.instagram.com/hollyannascarsella/	hollyannascarsella	1	0	0
www.instagram.com/mezzi_official/	mezzi_official	0	0	1
www.instagram.com/kisseswalter/	kisseswalter	1	0	0
www.instagram.com/mydesignhouse/	mydesignhouse	0	0	1
www.instagram.com/suyoung112/	suyoung112	1	0	0
www.instagram.com/zuzannagbrandstore/	zuzannagbrandstore	0	0	1
www.instagram.com/angelinanaw/	angelinanaw	1	0	0
www.instagram.com/senorita_luxury/	senorita_luxury	1	0	0
www.instagram.com/extractlemon/	extractlemon	0	0	1
www.instagram.com/philosofee_/	philosofee_	0	0	1
www.instagram.com/gaross/	gaross	1	0	0
www.instagram.com/nmirzabaeva/	nmirzabaeva	1	0	0
www.instagram.com/j_sumosan/	j_sumosan	1	0	0
www.instagram.com/antonellinalng/	antonellinalng	1	0	0
www.instagram.com/susannerw/	susannerw	1	0	0
www.instagram.com/lovesunsetnails/	lovesunsetnails	0	0	1
www.instagram.com/garimpopessoal/	garimpopessoal	1	0	0
www.instagram.com/conmusica_gye/	conmusica_gye	0	0	1
www.instagram.com/coolhatstocados/	coolhatstocados	0	0	1
www.instagram.com/paolapalaciovuelveatuesencia/	paolapalaciovuelveatuesencia	1	0	0
www.instagram.com/4u2by/	4u2by	0	0	1
www.instagram.com/patrizia_daliana_gioielli/	patrizia_daliana_gioielli	0	0	1
www.instagram.com/lisajane2289/	lisajane2289	1	0	0
www.instagram.com/fancykourt/	fancykourt	1	0	0
www.instagram.com/nongphyo920/	nongphyo920	1	0	0
www.instagram.com/amilakovic/	amilakovic	1	0	0
www.instagram.com/alexandralhoward/	alexandralhoward	1	0	0
www.instagram.com/sweetskathuria/	sweetskathuria	1	0	0
www.instagram.com/saei.jamshid/	saei.jamshid	0	0	1
www.instagram.com/marriadurrani/	marriadurrani	1	0	0
www.instagram.com/veroniksmarin/	veroniksmarin	1	0	0
www.instagram.com/hannahspencer/	hannahspencer	1	0	0
www.instagram.com/punamgudka/	punamgudka	1	0	0
www.instagram.com/s0a1y0o/	s0a1y0o	1	0	0
www.instagram.com/antonina3000/	antonina3000	1	0	0
www.instagram.com/cinzia_in_dubai/	cinzia_in_dubai	1	0	0
www.instagram.com/cre8ive_native/	cre8ive_native	1	0	0
www.instagram.com/vintageonlythebest/	vintageonlythebest	0	0	1
www.instagram.com/amandapalivos/	amandapalivos	1	0	0
www.instagram.com/jules_mariee03/	jules_mariee03	1	0	0
www.instagram.com/sara_lu0/	sara_lu0	1	0	0
www.instagram.com/mrswhinney/	mrswhinney	1	0	0
www.instagram.com/oliviadar/	oliviadar	0	0	1
www.instagram.com/katrinaisrael/	katrinaisrael	1	0	0
www.instagram.com/michmafia/	michmafia	1	0	0
www.instagram.com/lizbistrom/	lizbistrom	1	0	0
www.instagram.com/majolenka/	majolenka	1	0	0
www.instagram.com/allegrasidylls/	allegrasidylls	1	0	0
www.instagram.com/francesco.stab/	francesco.stab	1	0	0
www.instagram.com/inna_kaufman/	inna_kaufman	1	0	0
www.instagram.com/daddimonster/	daddimonster	1	0	0
www.instagram.com/_flat_earth_/	_flat_earth_	1	0	0
www.instagram.com/munnudesign/	munnudesign	0	0	1
www.instagram.com/__p___w__/	__p___w__	1	0	0
www.instagram.com/angel_18x/	angel_18x	1	0	0